model,training_seed,noise_seed,saltpepper_probability,threshold,trainable_parameters,train_samples,validation_samples,test_samples,accuracy,precision,recall,f1,pr_auc,tp,fp,fn,tn,clean_f1,f1_drop,f1_retention
Schmidt-QPP QNN L2,17,clean,0.0,0.5373572475497486,25,4500,1500,1500,0.9453333333333334,0.8114285714285714,0.9466666666666667,0.8738461538461538,0.9229130694983899,284,66,16,1134,0.8738461538461538,0.0,1.0
TinyMLP h5 (lambda12),17,clean,0.0,0.5687221041631866,21,4500,1500,1500,0.9706666666666667,0.9,0.96,0.9290322580645162,0.9692257232679625,288,32,12,1168,0.9290322580645162,0.0,1.0
TinyMLP h5 (mu12),17,clean,0.0,0.48684885424745994,21,4500,1500,1500,0.9453333333333334,0.8114285714285714,0.9466666666666667,0.8738461538461538,0.9229130694983899,284,66,16,1134,0.8738461538461538,0.0,1.0
Schmidt-QPP QNN L2,17,1001,0.01,0.5373572475497486,25,4500,1500,1500,0.5926666666666667,0.3246899661781285,0.96,0.485256950294861,0.29167940960932764,288,599,12,601,0.8738461538461538,0.38858920355129284,0.555311650865598
TinyMLP h5 (lambda12),17,1001,0.01,0.5687221041631866,21,4500,1500,1500,0.866,0.6016427104722792,0.9766666666666667,0.7445997458703939,0.8787077724658433,293,194,7,1006,0.9290322580645162,0.18443251219412227,0.8014788931243823
TinyMLP h5 (mu12),17,1001,0.01,0.48684885424745994,21,4500,1500,1500,0.5926666666666667,0.3246899661781285,0.96,0.485256950294861,0.29167940960932764,288,599,12,601,0.8738461538461538,0.38858920355129284,0.555311650865598
Schmidt-QPP QNN L2,17,2003,0.01,0.5373572475497486,25,4500,1500,1500,0.588,0.32094594594594594,0.95,0.47979797979797983,0.3089451280043943,285,603,15,597,0.8738461538461538,0.394048174048174,0.5490645895575473
TinyMLP h5 (lambda12),17,2003,0.01,0.5687221041631866,21,4500,1500,1500,0.8446666666666667,0.5655577299412916,0.9633333333333334,0.7127003699136869,0.8692507719215007,289,222,11,978,0.9290322580645162,0.21633188815082927,0.7671427592820935
TinyMLP h5 (mu12),17,2003,0.01,0.48684885424745994,21,4500,1500,1500,0.588,0.32094594594594594,0.95,0.47979797979797983,0.3089451280043942,285,603,15,597,0.8738461538461538,0.394048174048174,0.5490645895575473
Schmidt-QPP QNN L2,17,3001,0.01,0.5373572475497486,25,4500,1500,1500,0.6153333333333333,0.3376318874560375,0.96,0.49956634865568084,0.328703659105061,288,565,12,635,0.8738461538461538,0.374279805190473,0.5716868426517474
TinyMLP h5 (lambda12),17,3001,0.01,0.5687221041631866,21,4500,1500,1500,0.854,0.5811623246492986,0.9666666666666667,0.7259073842302879,0.8857679785562241,290,209,10,991,0.9290322580645162,0.20312487383422828,0.7813586427478793
TinyMLP h5 (mu12),17,3001,0.01,0.48684885424745994,21,4500,1500,1500,0.6153333333333333,0.3376318874560375,0.96,0.49956634865568084,0.328703659105061,288,565,12,635,0.8738461538461538,0.374279805190473,0.5716868426517474
Schmidt-QPP QNN L2,17,1001,0.02,0.5373572475497486,25,4500,1500,1500,0.44066666666666665,0.2565492321589883,0.9466666666666667,0.40369580668088134,0.23937224242973404,284,823,16,377,0.8738461538461538,0.4701503471652725,0.4619758351101635
TinyMLP h5 (lambda12),17,1001,0.02,0.5687221041631866,21,4500,1500,1500,0.7153333333333334,0.4104372355430183,0.97,0.5768087215064419,0.7794365540851536,291,418,9,782,0.9290322580645162,0.35222353655807426,0.6208704988437396
TinyMLP h5 (mu12),17,1001,0.02,0.48684885424745994,21,4500,1500,1500,0.44066666666666665,0.2565492321589883,0.9466666666666667,0.40369580668088134,0.23937224242973404,284,823,16,377,0.8738461538461538,0.4701503471652725,0.4619758351101635
Schmidt-QPP QNN L2,17,2003,0.02,0.5373572475497486,25,4500,1500,1500,0.43533333333333335,0.25645592163846836,0.96,0.4047786366830639,0.23145603459451058,288,835,12,365,0.8738461538461538,0.4690675171630899,0.46321498916195697
TinyMLP h5 (lambda12),17,2003,0.02,0.5687221041631866,21,4500,1500,1500,0.7153333333333334,0.41068917018284107,0.9733333333333334,0.5776458951533135,0.7982491434624904,292,419,8,781,0.9290322580645162,0.3513863629112026,0.6217716232553028
TinyMLP h5 (mu12),17,2003,0.02,0.48684885424745994,21,4500,1500,1500,0.43533333333333335,0.25645592163846836,0.96,0.4047786366830639,0.23145603459451058,288,835,12,365,0.8738461538461538,0.4690675171630899,0.46321498916195697
Schmidt-QPP QNN L2,17,3001,0.02,0.5373572475497486,25,4500,1500,1500,0.42333333333333334,0.25413402959094866,0.9733333333333334,0.4030365769496204,0.23629425969878506,292,857,8,343,0.8738461538461538,0.4708095768965334,0.46122143488953043
TinyMLP h5 (lambda12),17,3001,0.02,0.5687221041631866,21,4500,1500,1500,0.7306666666666667,0.42485549132947975,0.98,0.592741935483871,0.8194297238309981,294,398,6,802,0.9290322580645162,0.3362903225806452,0.6380208333333334
TinyMLP h5 (mu12),17,3001,0.02,0.48684885424745994,21,4500,1500,1500,0.42333333333333334,0.25413402959094866,0.9733333333333334,0.4030365769496204,0.23629425969878506,292,857,8,343,0.8738461538461538,0.4708095768965334,0.46122143488953043
Schmidt-QPP QNN L2,17,1001,0.03,0.5373572475497486,25,4500,1500,1500,0.3446666666666667,0.23131392604248624,0.98,0.37428389560789305,0.2125237185169394,294,977,6,223,0.8738461538461538,0.4995622582382608,0.4283178382836804
TinyMLP h5 (lambda12),17,1001,0.03,0.5687221041631866,21,4500,1500,1500,0.604,0.333710407239819,0.9833333333333333,0.49831081081081074,0.7041753944601318,295,589,5,611,0.9290322580645162,0.4307214472537054,0.5363762199699699
TinyMLP h5 (mu12),17,1001,0.03,0.48684885424745994,21,4500,1500,1500,0.3446666666666667,0.23131392604248624,0.98,0.37428389560789305,0.2125237185169394,294,977,6,223,0.8738461538461538,0.4995622582382608,0.4283178382836804
Schmidt-QPP QNN L2,17,2003,0.03,0.5373572475497486,25,4500,1500,1500,0.3426666666666667,0.23076923076923078,0.98,0.3735705209656925,0.21228281169118107,294,980,6,220,0.8738461538461538,0.5002756328804614,0.42750147645721853
TinyMLP h5 (lambda12),17,2003,0.03,0.5687221041631866,21,4500,1500,1500,0.622,0.34494773519163763,0.99,0.5116279069767442,0.7823635105501062,297,564,3,636,0.9290322580645162,0.41740435108777196,0.5507105943152455
TinyMLP h5 (mu12),17,2003,0.03,0.48684885424745994,21,4500,1500,1500,0.3426666666666667,0.23076923076923078,0.98,0.3735705209656925,0.2122828116911811,294,980,6,220,0.8738461538461538,0.5002756328804614,0.42750147645721853
Schmidt-QPP QNN L2,17,3001,0.03,0.5373572475497486,25,4500,1500,1500,0.338,0.2290852228303362,0.9766666666666667,0.37112096263457883,0.21274503500948527,293,986,7,214,0.8738461538461538,0.502725191211575,0.4246982847050638
TinyMLP h5 (lambda12),17,3001,0.03,0.5687221041631866,21,4500,1500,1500,0.6206666666666667,0.3437862950058072,0.9866666666666667,0.5099052540913007,0.7370051487453495,296,565,4,635,0.9290322580645162,0.41912700397321545,0.5488563498899417
TinyMLP h5 (mu12),17,3001,0.03,0.48684885424745994,21,4500,1500,1500,0.338,0.2290852228303362,0.9766666666666667,0.37112096263457883,0.21274503500948527,293,986,7,214,0.8738461538461538,0.502725191211575,0.4246982847050638
Schmidt-QPP QNN L2,17,1001,0.05,0.5373572475497486,25,4500,1500,1500,0.2653333333333333,0.21357142857142858,0.9966666666666667,0.3517647058823529,0.19611922126960987,299,1101,1,99,0.8738461538461538,0.522081447963801,0.4025476387738194
TinyMLP h5 (lambda12),17,1001,0.05,0.5687221041631866,21,4500,1500,1500,0.432,0.26,0.9966666666666667,0.4124137931034482,0.5774046747681332,299,851,1,349,0.9290322580645162,0.5166184649610679,0.4439176245210727
TinyMLP h5 (mu12),17,1001,0.05,0.48684885424745994,21,4500,1500,1500,0.2653333333333333,0.21357142857142858,0.9966666666666667,0.3517647058823529,0.19611922126960987,299,1101,1,99,0.8738461538461538,0.522081447963801,0.4025476387738194
Schmidt-QPP QNN L2,17,2003,0.05,0.5373572475497486,25,4500,1500,1500,0.2806666666666667,0.21548575602629658,0.9833333333333333,0.35350509286998205,0.19745986146352626,295,1074,5,126,0.8738461538461538,0.5203410609761718,0.4045392788124795
TinyMLP h5 (lambda12),17,2003,0.05,0.5687221041631866,21,4500,1500,1500,0.43533333333333335,0.26071741032370954,0.9933333333333333,0.413028413028413,0.5618108897431977,298,845,2,355,0.9290322580645162,0.5160038450361032,0.4445791945791945
TinyMLP h5 (mu12),17,2003,0.05,0.48684885424745994,21,4500,1500,1500,0.2806666666666667,0.21548575602629658,0.9833333333333333,0.35350509286998205,0.1974598614635263,295,1074,5,126,0.8738461538461538,0.5203410609761718,0.4045392788124795
Schmidt-QPP QNN L2,17,3001,0.05,0.5373572475497486,25,4500,1500,1500,0.276,0.21397379912663755,0.98,0.3512544802867384,0.20146714372418753,294,1080,6,120,0.8738461538461538,0.5225916735594154,0.4019637538492605
TinyMLP h5 (lambda12),17,3001,0.05,0.5687221041631866,21,4500,1500,1500,0.42533333333333334,0.2569204152249135,0.99,0.40796703296703296,0.6342264739333833,297,859,3,341,0.9290322580645162,0.5210652250974832,0.4391311813186813
TinyMLP h5 (mu12),17,3001,0.05,0.48684885424745994,21,4500,1500,1500,0.276,0.21397379912663755,0.98,0.3512544802867384,0.20146714372418753,294,1080,6,120,0.8738461538461538,0.5225916735594154,0.4019637538492605
Schmidt-QPP QNN L2,17,1001,0.08,0.5373572475497486,25,4500,1500,1500,0.226,0.20493488690884168,0.9966666666666667,0.33996588971006253,0.19213289966331787,299,1160,1,40,0.8738461538461538,0.5338802641360914,0.38904547237947296
TinyMLP h5 (lambda12),17,1001,0.08,0.5687221041631866,21,4500,1500,1500,0.282,0.2178649237472767,1.0,0.35778175313059035,0.3806705824192923,300,1077,0,123,0.9290322580645162,0.5712505049339258,0.3851123037169549
TinyMLP h5 (mu12),17,1001,0.08,0.48684885424745994,21,4500,1500,1500,0.226,0.20493488690884168,0.9966666666666667,0.33996588971006253,0.19213289966331787,299,1160,1,40,0.8738461538461538,0.5338802641360914,0.38904547237947296
Schmidt-QPP QNN L2,17,2003,0.08,0.5373572475497486,25,4500,1500,1500,0.22733333333333333,0.2039972432804962,0.9866666666666667,0.3380925185608224,0.20563528846359086,296,1155,4,45,0.8738461538461538,0.5357536352853314,0.3869016497615045
TinyMLP h5 (lambda12),17,2003,0.08,0.5687221041631866,21,4500,1500,1500,0.29133333333333333,0.21969140337986776,0.9966666666666667,0.3600240818783865,0.3925212895486084,299,1062,1,138,0.9290322580645162,0.5690081761861296,0.3875259214663188
TinyMLP h5 (mu12),17,2003,0.08,0.48684885424745994,21,4500,1500,1500,0.22733333333333333,0.2039972432804962,0.9866666666666667,0.3380925185608224,0.20563528846359086,296,1155,4,45,0.8738461538461538,0.5357536352853314,0.3869016497615045
Schmidt-QPP QNN L2,17,3001,0.08,0.5373572475497486,25,4500,1500,1500,0.22933333333333333,0.20523415977961432,0.9933333333333333,0.3401826484018265,0.19942947549908674,298,1154,2,46,0.8738461538461538,0.5336635054443273,0.3892935236992733
TinyMLP h5 (lambda12),17,3001,0.08,0.5687221041631866,21,4500,1500,1500,0.29933333333333334,0.22205773501110287,1.0,0.3634161114476075,0.429103028534963,300,1051,0,149,0.9290322580645162,0.5656161466169087,0.39117706440541083
TinyMLP h5 (mu12),17,3001,0.08,0.48684885424745994,21,4500,1500,1500,0.22933333333333333,0.20523415977961432,0.9933333333333333,0.3401826484018265,0.19942947549908674,298,1154,2,46,0.8738461538461538,0.5336635054443273,0.3892935236992733
Schmidt-QPP QNN L2,17,1001,0.1,0.5373572475497486,25,4500,1500,1500,0.21533333333333332,0.20271186440677966,0.9966666666666667,0.3369014084507042,0.19564740924710022,299,1176,1,24,0.8738461538461538,0.5369447453954497,0.3855385836143622
TinyMLP h5 (lambda12),17,1001,0.1,0.5687221041631866,21,4500,1500,1500,0.24066666666666667,0.20766550522648083,0.9933333333333333,0.3435158501440922,0.3367596046960352,298,1137,2,63,0.9290322580645162,0.585516407920424,0.36975664425232146
TinyMLP h5 (mu12),17,1001,0.1,0.48684885424745994,21,4500,1500,1500,0.21533333333333332,0.20271186440677966,0.9966666666666667,0.3369014084507042,0.19564740924710022,299,1176,1,24,0.8738461538461538,0.5369447453954497,0.3855385836143622
Schmidt-QPP QNN L2,17,2003,0.1,0.5373572475497486,25,4500,1500,1500,0.218,0.20366598778004075,1.0,0.338409475465313,0.2083250721419329,300,1173,0,27,0.8738461538461538,0.5354366783808409,0.3872643645289674
TinyMLP h5 (lambda12),17,2003,0.1,0.5687221041631866,21,4500,1500,1500,0.24333333333333335,0.20905923344947736,1.0,0.345821325648415,0.34352382170255913,300,1135,0,65,0.9290322580645162,0.5832109324161012,0.37223823246878
TinyMLP h5 (mu12),17,2003,0.1,0.48684885424745994,21,4500,1500,1500,0.218,0.20366598778004075,1.0,0.338409475465313,0.2083250721419329,300,1173,0,27,0.8738461538461538,0.5354366783808409,0.3872643645289674
Schmidt-QPP QNN L2,17,3001,0.1,0.5373572475497486,25,4500,1500,1500,0.21733333333333332,0.20352781546811397,1.0,0.3382187147688839,0.19059933317952038,300,1174,0,26,0.8738461538461538,0.53562743907727,0.38704606443622275
TinyMLP h5 (lambda12),17,3001,0.1,0.5687221041631866,21,4500,1500,1500,0.24666666666666667,0.2097902097902098,1.0,0.3468208092485549,0.3362313719137505,300,1130,0,70,0.9290322580645162,0.5822114488159613,0.37331406551059726
TinyMLP h5 (mu12),17,3001,0.1,0.48684885424745994,21,4500,1500,1500,0.21733333333333332,0.20352781546811397,1.0,0.3382187147688839,0.19059933317952038,300,1174,0,26,0.8738461538461538,0.53562743907727,0.38704606443622275
Schmidt-QPP QNN L2,17,1001,0.15,0.5373572475497486,25,4500,1500,1500,0.20666666666666667,0.20134228187919462,1.0,0.33519553072625696,0.1994937891215195,300,1190,0,10,0.8738461538461538,0.5386506231198969,0.3835864348099772
TinyMLP h5 (lambda12),17,1001,0.15,0.5687221041631866,21,4500,1500,1500,0.20533333333333334,0.20107238605898123,1.0,0.3348214285714286,0.2392479011413831,300,1192,0,8,0.9290322580645162,0.5942108294930876,0.3603980654761905
TinyMLP h5 (mu12),17,1001,0.15,0.48684885424745994,21,4500,1500,1500,0.20666666666666667,0.20134228187919462,1.0,0.33519553072625696,0.1994937891215195,300,1190,0,10,0.8738461538461538,0.5386506231198969,0.3835864348099772
Schmidt-QPP QNN L2,17,2003,0.15,0.5373572475497486,25,4500,1500,1500,0.206,0.2012072434607646,1.0,0.33500837520938026,0.1924240275613262,300,1191,0,9,0.8738461538461538,0.5388377786367735,0.38337226036284716
TinyMLP h5 (lambda12),17,2003,0.15,0.5687221041631866,21,4500,1500,1500,0.20533333333333334,0.20107238605898123,1.0,0.3348214285714286,0.2120008424169111,300,1192,0,8,0.9290322580645162,0.5942108294930876,0.3603980654761905
TinyMLP h5 (mu12),17,2003,0.15,0.48684885424745994,21,4500,1500,1500,0.206,0.2012072434607646,1.0,0.33500837520938026,0.1924240275613262,300,1191,0,9,0.8738461538461538,0.5388377786367735,0.38337226036284716
Schmidt-QPP QNN L2,17,3001,0.15,0.5373572475497486,25,4500,1500,1500,0.20066666666666666,0.200133422281521,1.0,0.33351862145636463,0.18689397039092182,300,1199,0,1,0.8738461538461538,0.5403275323897891,0.3816674365257694
TinyMLP h5 (lambda12),17,3001,0.15,0.5687221041631866,21,4500,1500,1500,0.20333333333333334,0.20066889632107024,1.0,0.3342618384401114,0.23382346738869889,300,1195,0,5,0.9290322580645162,0.5947704196244048,0.3597957288765088
TinyMLP h5 (mu12),17,3001,0.15,0.48684885424745994,21,4500,1500,1500,0.20066666666666666,0.200133422281521,1.0,0.33351862145636463,0.18689397039092176,300,1199,0,1,0.8738461538461538,0.5403275323897891,0.3816674365257694
Schmidt-QPP QNN L2,29,clean,0.0,0.5482865324830994,25,4500,1500,1500,0.9453333333333334,0.8114285714285714,0.9466666666666667,0.8738461538461538,0.9229130694983899,284,66,16,1134,0.8738461538461538,0.0,1.0
TinyMLP h5 (lambda12),29,clean,0.0,0.5658007902903174,21,4500,1500,1500,0.97,0.897196261682243,0.96,0.927536231884058,0.9685432329870536,288,33,12,1167,0.927536231884058,0.0,1.0
TinyMLP h5 (mu12),29,clean,0.0,0.47414915385743567,21,4500,1500,1500,0.9453333333333334,0.8114285714285714,0.9466666666666667,0.8738461538461538,0.9229130694983899,284,66,16,1134,0.8738461538461538,0.0,1.0
Schmidt-QPP QNN L2,29,1001,0.01,0.5482865324830994,25,4500,1500,1500,0.5926666666666667,0.3246899661781285,0.96,0.485256950294861,0.29167940960932764,288,599,12,601,0.8738461538461538,0.38858920355129284,0.555311650865598
TinyMLP h5 (lambda12),29,1001,0.01,0.5658007902903174,21,4500,1500,1500,0.8646666666666667,0.5991820040899796,0.9766666666666667,0.7427122940430925,0.885501110498289,293,196,7,1004,0.927536231884058,0.1848239378409655,0.800736692015209
TinyMLP h5 (mu12),29,1001,0.01,0.47414915385743567,21,4500,1500,1500,0.5926666666666667,0.3246899661781285,0.96,0.485256950294861,0.29167940960932764,288,599,12,601,0.8738461538461538,0.38858920355129284,0.555311650865598
Schmidt-QPP QNN L2,29,2003,0.01,0.5482865324830994,25,4500,1500,1500,0.588,0.32094594594594594,0.95,0.47979797979797983,0.3089451280043943,285,603,15,597,0.8738461538461538,0.394048174048174,0.5490645895575473
TinyMLP h5 (lambda12),29,2003,0.01,0.5658007902903174,21,4500,1500,1500,0.8413333333333334,0.560077519379845,0.9633333333333334,0.7083333333333333,0.8766491842577817,289,227,11,973,0.927536231884058,0.21920289855072472,0.7636718749999999
TinyMLP h5 (mu12),29,2003,0.01,0.47414915385743567,21,4500,1500,1500,0.588,0.32094594594594594,0.95,0.47979797979797983,0.3089451280043942,285,603,15,597,0.8738461538461538,0.394048174048174,0.5490645895575473
Schmidt-QPP QNN L2,29,3001,0.01,0.5482865324830994,25,4500,1500,1500,0.6153333333333333,0.3376318874560375,0.96,0.49956634865568084,0.32870365910506105,288,565,12,635,0.8738461538461538,0.374279805190473,0.5716868426517474
TinyMLP h5 (lambda12),29,3001,0.01,0.5658007902903174,21,4500,1500,1500,0.854,0.5808383233532934,0.97,0.7265917602996255,0.8932681937265298,291,210,9,990,0.927536231884058,0.20094447158443252,0.7833567415730337
TinyMLP h5 (mu12),29,3001,0.01,0.47414915385743567,21,4500,1500,1500,0.6153333333333333,0.3376318874560375,0.96,0.49956634865568084,0.32870365910506105,288,565,12,635,0.8738461538461538,0.374279805190473,0.5716868426517474
Schmidt-QPP QNN L2,29,1001,0.02,0.5482865324830994,25,4500,1500,1500,0.44066666666666665,0.2565492321589883,0.9466666666666667,0.40369580668088134,0.23937224242973404,284,823,16,377,0.8738461538461538,0.4701503471652725,0.4619758351101635
TinyMLP h5 (lambda12),29,1001,0.02,0.5658007902903174,21,4500,1500,1500,0.714,0.4092827004219409,0.97,0.5756676557863503,0.7952973803096327,291,420,9,780,0.927536231884058,0.3518685760977077,0.6206416913946589
TinyMLP h5 (mu12),29,1001,0.02,0.47414915385743567,21,4500,1500,1500,0.44066666666666665,0.2565492321589883,0.9466666666666667,0.40369580668088134,0.239372242429734,284,823,16,377,0.8738461538461538,0.4701503471652725,0.4619758351101635
Schmidt-QPP QNN L2,29,2003,0.02,0.5482865324830994,25,4500,1500,1500,0.43533333333333335,0.25645592163846836,0.96,0.4047786366830639,0.23145603459451058,288,835,12,365,0.8738461538461538,0.4690675171630899,0.46321498916195697
TinyMLP h5 (lambda12),29,2003,0.02,0.5658007902903174,21,4500,1500,1500,0.7146666666666667,0.4101123595505618,0.9733333333333334,0.5770750988142292,0.8123657109653641,292,420,8,780,0.927536231884058,0.35046113306982873,0.6221590909090909
TinyMLP h5 (mu12),29,2003,0.02,0.47414915385743567,21,4500,1500,1500,0.43533333333333335,0.25645592163846836,0.96,0.4047786366830639,0.23145603459451056,288,835,12,365,0.8738461538461538,0.4690675171630899,0.46321498916195697
Schmidt-QPP QNN L2,29,3001,0.02,0.5482865324830994,25,4500,1500,1500,0.42333333333333334,0.25413402959094866,0.9733333333333334,0.4030365769496204,0.23629425969878504,292,857,8,343,0.8738461538461538,0.4708095768965334,0.46122143488953043
TinyMLP h5 (lambda12),29,3001,0.02,0.5658007902903174,21,4500,1500,1500,0.7313333333333333,0.42568542568542567,0.9833333333333333,0.5941591137965759,0.834591091256343,295,398,5,802,0.927536231884058,0.33337711808748205,0.6405777945619334
TinyMLP h5 (mu12),29,3001,0.02,0.47414915385743567,21,4500,1500,1500,0.42333333333333334,0.25413402959094866,0.9733333333333334,0.4030365769496204,0.23629425969878506,292,857,8,343,0.8738461538461538,0.4708095768965334,0.46122143488953043
Schmidt-QPP QNN L2,29,1001,0.03,0.5482865324830994,25,4500,1500,1500,0.3446666666666667,0.23131392604248624,0.98,0.37428389560789305,0.21252371851693944,294,977,6,223,0.8738461538461538,0.4995622582382608,0.4283178382836804
TinyMLP h5 (lambda12),29,1001,0.03,0.5658007902903174,21,4500,1500,1500,0.6026666666666667,0.3329571106094808,0.9833333333333333,0.4974704890387859,0.7243709101785071,295,591,5,609,0.927536231884058,0.4300657428452721,0.536335370994941
TinyMLP h5 (mu12),29,1001,0.03,0.47414915385743567,21,4500,1500,1500,0.3446666666666667,0.23131392604248624,0.98,0.37428389560789305,0.21252371851693944,294,977,6,223,0.8738461538461538,0.4995622582382608,0.4283178382836804
Schmidt-QPP QNN L2,29,2003,0.03,0.5482865324830994,25,4500,1500,1500,0.3426666666666667,0.23076923076923078,0.98,0.3735705209656925,0.2122828116911811,294,980,6,220,0.8738461538461538,0.5002756328804614,0.42750147645721853
TinyMLP h5 (lambda12),29,2003,0.03,0.5658007902903174,21,4500,1500,1500,0.6186666666666667,0.34295612009237875,0.99,0.5094339622641509,0.7980664836718608,297,569,3,631,0.927536231884058,0.41810226961990704,0.5492334905660378
TinyMLP h5 (mu12),29,2003,0.03,0.47414915385743567,21,4500,1500,1500,0.3426666666666667,0.23076923076923078,0.98,0.3735705209656925,0.21228281169118107,294,980,6,220,0.8738461538461538,0.5002756328804614,0.42750147645721853
Schmidt-QPP QNN L2,29,3001,0.03,0.5482865324830994,25,4500,1500,1500,0.338,0.2290852228303362,0.9766666666666667,0.37112096263457883,0.21274503500948527,293,986,7,214,0.8738461538461538,0.502725191211575,0.4246982847050638
TinyMLP h5 (lambda12),29,3001,0.03,0.5658007902903174,21,4500,1500,1500,0.6193333333333333,0.3429895712630359,0.9866666666666667,0.5090283748925194,0.7563855399828986,296,567,4,633,0.927536231884058,0.4185078569915386,0.5487962166809974
TinyMLP h5 (mu12),29,3001,0.03,0.47414915385743567,21,4500,1500,1500,0.338,0.2290852228303362,0.9766666666666667,0.37112096263457883,0.21274503500948527,293,986,7,214,0.8738461538461538,0.502725191211575,0.4246982847050638
Schmidt-QPP QNN L2,29,1001,0.05,0.5482865324830994,25,4500,1500,1500,0.2653333333333333,0.21357142857142858,0.9966666666666667,0.3517647058823529,0.1961192212696099,299,1101,1,99,0.8738461538461538,0.522081447963801,0.4025476387738194
TinyMLP h5 (lambda12),29,1001,0.05,0.5658007902903174,21,4500,1500,1500,0.43,0.2593235039028621,0.9966666666666667,0.4115622849277356,0.6096293011433364,299,854,1,346,0.927536231884058,0.5159739469563224,0.44371558843771497
TinyMLP h5 (mu12),29,1001,0.05,0.47414915385743567,21,4500,1500,1500,0.2653333333333333,0.21357142857142858,0.9966666666666667,0.3517647058823529,0.19611922126960987,299,1101,1,99,0.8738461538461538,0.522081447963801,0.4025476387738194
Schmidt-QPP QNN L2,29,2003,0.05,0.5482865324830994,25,4500,1500,1500,0.2806666666666667,0.21548575602629658,0.9833333333333333,0.35350509286998205,0.1974598614635263,295,1074,5,126,0.8738461538461538,0.5203410609761718,0.4045392788124795
TinyMLP h5 (lambda12),29,2003,0.05,0.5658007902903174,21,4500,1500,1500,0.43466666666666665,0.26048951048951047,0.9933333333333333,0.4127423822714681,0.5884631062964953,298,846,2,354,0.927536231884058,0.5147938496125899,0.44498788088642655
TinyMLP h5 (mu12),29,2003,0.05,0.47414915385743567,21,4500,1500,1500,0.2806666666666667,0.21548575602629658,0.9833333333333333,0.35350509286998205,0.1974598614635263,295,1074,5,126,0.8738461538461538,0.5203410609761718,0.4045392788124795
Schmidt-QPP QNN L2,29,3001,0.05,0.5482865324830994,25,4500,1500,1500,0.276,0.21397379912663755,0.98,0.3512544802867384,0.2014671437241875,294,1080,6,120,0.8738461538461538,0.5225916735594154,0.4019637538492605
TinyMLP h5 (lambda12),29,3001,0.05,0.5658007902903174,21,4500,1500,1500,0.42333333333333334,0.25625539257981017,0.99,0.40712816997943796,0.6634225372402905,297,862,3,338,0.927536231884058,0.5204080619046201,0.4389350582590815
TinyMLP h5 (mu12),29,3001,0.05,0.47414915385743567,21,4500,1500,1500,0.276,0.21397379912663755,0.98,0.3512544802867384,0.2014671437241875,294,1080,6,120,0.8738461538461538,0.5225916735594154,0.4019637538492605
Schmidt-QPP QNN L2,29,1001,0.08,0.5482865324830994,25,4500,1500,1500,0.226,0.20493488690884168,0.9966666666666667,0.33996588971006253,0.19213289966331787,299,1160,1,40,0.8738461538461538,0.5338802641360914,0.38904547237947296
TinyMLP h5 (lambda12),29,1001,0.08,0.5658007902903174,21,4500,1500,1500,0.2806666666666667,0.21754894851341552,1.0,0.35735556879094704,0.404259018836523,300,1079,0,121,0.927536231884058,0.570180663093111,0.38527397260273977
TinyMLP h5 (mu12),29,1001,0.08,0.47414915385743567,21,4500,1500,1500,0.226,0.20493488690884168,0.9966666666666667,0.33996588971006253,0.19213289966331787,299,1160,1,40,0.8738461538461538,0.5338802641360914,0.38904547237947296
Schmidt-QPP QNN L2,29,2003,0.08,0.5482865324830994,25,4500,1500,1500,0.22733333333333333,0.2039972432804962,0.9866666666666667,0.3380925185608224,0.20563528846359086,296,1155,4,45,0.8738461538461538,0.5357536352853314,0.3869016497615045
TinyMLP h5 (lambda12),29,2003,0.08,0.5658007902903174,21,4500,1500,1500,0.2906666666666667,0.21994134897360704,1.0,0.3605769230769231,0.413202478903181,300,1064,0,136,0.927536231884058,0.566959308807135,0.3887469951923077
TinyMLP h5 (mu12),29,2003,0.08,0.47414915385743567,21,4500,1500,1500,0.22733333333333333,0.2039972432804962,0.9866666666666667,0.3380925185608224,0.20563528846359086,296,1155,4,45,0.8738461538461538,0.5357536352853314,0.3869016497615045
Schmidt-QPP QNN L2,29,3001,0.08,0.5482865324830994,25,4500,1500,1500,0.22933333333333333,0.20523415977961432,0.9933333333333333,0.3401826484018265,0.19942947549908674,298,1154,2,46,0.8738461538461538,0.5336635054443273,0.3892935236992733
TinyMLP h5 (lambda12),29,3001,0.08,0.5658007902903174,21,4500,1500,1500,0.29933333333333334,0.22205773501110287,1.0,0.3634161114476075,0.45151314319828206,300,1051,0,149,0.927536231884058,0.5641201204364505,0.3918079951544518
TinyMLP h5 (mu12),29,3001,0.08,0.47414915385743567,21,4500,1500,1500,0.22933333333333333,0.20523415977961432,0.9933333333333333,0.3401826484018265,0.19942947549908674,298,1154,2,46,0.8738461538461538,0.5336635054443273,0.3892935236992733
Schmidt-QPP QNN L2,29,1001,0.1,0.5482865324830994,25,4500,1500,1500,0.21533333333333332,0.20271186440677966,0.9966666666666667,0.3369014084507042,0.19564740924710022,299,1176,1,24,0.8738461538461538,0.5369447453954497,0.3855385836143622
TinyMLP h5 (lambda12),29,1001,0.1,0.5658007902903174,21,4500,1500,1500,0.24066666666666667,0.20766550522648083,0.9933333333333333,0.3435158501440922,0.35520035977242265,298,1137,2,63,0.927536231884058,0.5840203817399658,0.3703530259365994
TinyMLP h5 (mu12),29,1001,0.1,0.47414915385743567,21,4500,1500,1500,0.21533333333333332,0.20271186440677966,0.9966666666666667,0.3369014084507042,0.19564740924710022,299,1176,1,24,0.8738461538461538,0.5369447453954497,0.3855385836143622
Schmidt-QPP QNN L2,29,2003,0.1,0.5482865324830994,25,4500,1500,1500,0.218,0.20366598778004075,1.0,0.338409475465313,0.2083250721419329,300,1173,0,27,0.8738461538461538,0.5354366783808409,0.3872643645289674
TinyMLP h5 (lambda12),29,2003,0.1,0.5658007902903174,21,4500,1500,1500,0.24333333333333335,0.20905923344947736,1.0,0.345821325648415,0.3668744084437754,300,1135,0,65,0.927536231884058,0.581714906235643,0.3728386167146974
TinyMLP h5 (mu12),29,2003,0.1,0.47414915385743567,21,4500,1500,1500,0.218,0.20366598778004075,1.0,0.338409475465313,0.2083250721419329,300,1173,0,27,0.8738461538461538,0.5354366783808409,0.3872643645289674
Schmidt-QPP QNN L2,29,3001,0.1,0.5482865324830994,25,4500,1500,1500,0.21733333333333332,0.20352781546811397,1.0,0.3382187147688839,0.19059933317952038,300,1174,0,26,0.8738461538461538,0.53562743907727,0.38704606443622275
TinyMLP h5 (lambda12),29,3001,0.1,0.5658007902903174,21,4500,1500,1500,0.24733333333333332,0.2099370188943317,1.0,0.34702139965297857,0.3544565411971745,300,1129,0,71,0.927536231884058,0.5805148322310794,0.3741324465008675
TinyMLP h5 (mu12),29,3001,0.1,0.47414915385743567,21,4500,1500,1500,0.21733333333333332,0.20352781546811397,1.0,0.3382187147688839,0.19059933317952038,300,1174,0,26,0.8738461538461538,0.53562743907727,0.38704606443622275
Schmidt-QPP QNN L2,29,1001,0.15,0.5482865324830994,25,4500,1500,1500,0.20666666666666667,0.20134228187919462,1.0,0.33519553072625696,0.1994937891215195,300,1190,0,10,0.8738461538461538,0.5386506231198969,0.3835864348099772
TinyMLP h5 (lambda12),29,1001,0.15,0.5658007902903174,21,4500,1500,1500,0.20533333333333334,0.20107238605898123,1.0,0.3348214285714286,0.2500733616694083,300,1192,0,8,0.927536231884058,0.5927148033126294,0.36097935267857145
TinyMLP h5 (mu12),29,1001,0.15,0.47414915385743567,21,4500,1500,1500,0.20666666666666667,0.20134228187919462,1.0,0.33519553072625696,0.1994937891215195,300,1190,0,10,0.8738461538461538,0.5386506231198969,0.3835864348099772
Schmidt-QPP QNN L2,29,2003,0.15,0.5482865324830994,25,4500,1500,1500,0.206,0.2012072434607646,1.0,0.33500837520938026,0.1924240275613262,300,1191,0,9,0.8738461538461538,0.5388377786367735,0.38337226036284716
TinyMLP h5 (lambda12),29,2003,0.15,0.5658007902903174,21,4500,1500,1500,0.20533333333333334,0.20107238605898123,1.0,0.3348214285714286,0.22099713617769273,300,1192,0,8,0.927536231884058,0.5927148033126294,0.36097935267857145
TinyMLP h5 (mu12),29,2003,0.15,0.47414915385743567,21,4500,1500,1500,0.206,0.2012072434607646,1.0,0.33500837520938026,0.1924240275613262,300,1191,0,9,0.8738461538461538,0.5388377786367735,0.38337226036284716
Schmidt-QPP QNN L2,29,3001,0.15,0.5482865324830994,25,4500,1500,1500,0.20066666666666666,0.200133422281521,1.0,0.33351862145636463,0.18689397039092182,300,1199,0,1,0.8738461538461538,0.5403275323897891,0.3816674365257694
TinyMLP h5 (lambda12),29,3001,0.15,0.5658007902903174,21,4500,1500,1500,0.20333333333333334,0.20066889632107024,1.0,0.3342618384401114,0.24258877119220007,300,1195,0,5,0.927536231884058,0.5932743934439466,0.3603760445682451
TinyMLP h5 (mu12),29,3001,0.15,0.47414915385743567,21,4500,1500,1500,0.20066666666666666,0.200133422281521,1.0,0.33351862145636463,0.18689397039092176,300,1199,0,1,0.8738461538461538,0.5403275323897891,0.3816674365257694
Schmidt-QPP QNN L2,41,clean,0.0,0.5956951977795779,25,4500,1500,1500,0.9453333333333334,0.8114285714285714,0.9466666666666667,0.8738461538461538,0.922911660233885,284,66,16,1134,0.8738461538461538,0.0,1.0
TinyMLP h5 (lambda12),41,clean,0.0,0.5495063074301623,21,4500,1500,1500,0.9706666666666667,0.8975155279503105,0.9633333333333334,0.9292604501607717,0.9681385227825768,289,33,11,1167,0.9292604501607717,0.0,1.0
TinyMLP h5 (mu12),41,clean,0.0,0.4897331273336216,21,4500,1500,1500,0.9453333333333334,0.8114285714285714,0.9466666666666667,0.8738461538461538,0.922911660233885,284,66,16,1134,0.8738461538461538,0.0,1.0
Schmidt-QPP QNN L2,41,1001,0.01,0.5956951977795779,25,4500,1500,1500,0.5926666666666667,0.3246899661781285,0.96,0.485256950294861,0.29167940960932764,288,599,12,601,0.8738461538461538,0.38858920355129284,0.555311650865598
TinyMLP h5 (lambda12),41,1001,0.01,0.5495063074301623,21,4500,1500,1500,0.8626666666666667,0.5951417004048583,0.98,0.7405541561712845,0.8777775245597172,294,200,6,1000,0.9292604501607717,0.18870629398948724,0.7969285210009325
TinyMLP h5 (mu12),41,1001,0.01,0.4897331273336216,21,4500,1500,1500,0.5926666666666667,0.3246899661781285,0.96,0.485256950294861,0.2916794096093277,288,599,12,601,0.8738461538461538,0.38858920355129284,0.555311650865598
Schmidt-QPP QNN L2,41,2003,0.01,0.5956951977795779,25,4500,1500,1500,0.588,0.32094594594594594,0.95,0.47979797979797983,0.3089451280043942,285,603,15,597,0.8738461538461538,0.394048174048174,0.5490645895575473
TinyMLP h5 (lambda12),41,2003,0.01,0.5495063074301623,21,4500,1500,1500,0.8366666666666667,0.5523809523809524,0.9666666666666667,0.7030303030303031,0.8698436607301568,290,235,10,965,0.9292604501607717,0.22623014713046863,0.7565481807696341
TinyMLP h5 (mu12),41,2003,0.01,0.4897331273336216,21,4500,1500,1500,0.588,0.32094594594594594,0.95,0.47979797979797983,0.3089451280043943,285,603,15,597,0.8738461538461538,0.394048174048174,0.5490645895575473
Schmidt-QPP QNN L2,41,3001,0.01,0.5956951977795779,25,4500,1500,1500,0.6153333333333333,0.3376318874560375,0.96,0.49956634865568084,0.3286997654045651,288,565,12,635,0.8738461538461538,0.374279805190473,0.5716868426517474
TinyMLP h5 (lambda12),41,3001,0.01,0.5495063074301623,21,4500,1500,1500,0.8506666666666667,0.575098814229249,0.97,0.7220843672456575,0.877039719107888,291,215,9,985,0.9292604501607717,0.20717608291511425,0.7770527273820051
TinyMLP h5 (mu12),41,3001,0.01,0.4897331273336216,21,4500,1500,1500,0.6153333333333333,0.3376318874560375,0.96,0.49956634865568084,0.3286997654045651,288,565,12,635,0.8738461538461538,0.374279805190473,0.5716868426517474
Schmidt-QPP QNN L2,41,1001,0.02,0.5956951977795779,25,4500,1500,1500,0.44066666666666665,0.2565492321589883,0.9466666666666667,0.40369580668088134,0.23936888541682574,284,823,16,377,0.8738461538461538,0.4701503471652725,0.4619758351101635
TinyMLP h5 (lambda12),41,1001,0.02,0.5495063074301623,21,4500,1500,1500,0.708,0.4041666666666667,0.97,0.5705882352941177,0.7493886121686576,291,429,9,771,0.9292604501607717,0.358672214866654,0.614024017911663
TinyMLP h5 (mu12),41,1001,0.02,0.4897331273336216,21,4500,1500,1500,0.44066666666666665,0.2565492321589883,0.9466666666666667,0.40369580668088134,0.23936888541682577,284,823,16,377,0.8738461538461538,0.4701503471652725,0.4619758351101635
Schmidt-QPP QNN L2,41,2003,0.02,0.5956951977795779,25,4500,1500,1500,0.43533333333333335,0.25645592163846836,0.96,0.4047786366830639,0.23145603459451058,288,835,12,365,0.8738461538461538,0.4690675171630899,0.46321498916195697
TinyMLP h5 (lambda12),41,2003,0.02,0.5495063074301623,21,4500,1500,1500,0.7106666666666667,0.40668523676880225,0.9733333333333334,0.5736738703339882,0.7756411866828317,292,426,8,774,0.9292604501607717,0.35558657982678354,0.6173445455843264
TinyMLP h5 (mu12),41,2003,0.02,0.4897331273336216,21,4500,1500,1500,0.43533333333333335,0.25645592163846836,0.96,0.4047786366830639,0.23145603459451058,288,835,12,365,0.8738461538461538,0.4690675171630899,0.46321498916195697
Schmidt-QPP QNN L2,41,3001,0.02,0.5956951977795779,25,4500,1500,1500,0.42333333333333334,0.25413402959094866,0.9733333333333334,0.4030365769496204,0.23629425969878504,292,857,8,343,0.8738461538461538,0.4708095768965334,0.46122143488953043
TinyMLP h5 (lambda12),41,3001,0.02,0.5495063074301623,21,4500,1500,1500,0.7273333333333334,0.4220314735336195,0.9833333333333333,0.5905905905905906,0.7960144429662228,295,404,5,796,0.9292604501607717,0.33866985957018114,0.6355490438535422
TinyMLP h5 (mu12),41,3001,0.02,0.4897331273336216,21,4500,1500,1500,0.42333333333333334,0.25413402959094866,0.9733333333333334,0.4030365769496204,0.23629425969878506,292,857,8,343,0.8738461538461538,0.4708095768965334,0.46122143488953043
Schmidt-QPP QNN L2,41,1001,0.03,0.5956951977795779,25,4500,1500,1500,0.3446666666666667,0.23131392604248624,0.98,0.37428389560789305,0.21252371851693944,294,977,6,223,0.8738461538461538,0.4995622582382608,0.4283178382836804
TinyMLP h5 (lambda12),41,1001,0.03,0.5495063074301623,21,4500,1500,1500,0.5953333333333334,0.32887402452619846,0.9833333333333333,0.4928989139515456,0.6366007225798376,295,602,5,598,0.9292604501607717,0.43636153620922613,0.5304206305845353
TinyMLP h5 (mu12),41,1001,0.03,0.4897331273336216,21,4500,1500,1500,0.3446666666666667,0.23131392604248624,0.98,0.37428389560789305,0.21252371851693944,294,977,6,223,0.8738461538461538,0.4995622582382608,0.4283178382836804
Schmidt-QPP QNN L2,41,2003,0.03,0.5956951977795779,25,4500,1500,1500,0.3426666666666667,0.23076923076923078,0.98,0.3735705209656925,0.21228281169118107,294,980,6,220,0.8738461538461538,0.5002756328804614,0.42750147645721853
TinyMLP h5 (lambda12),41,2003,0.03,0.5495063074301623,21,4500,1500,1500,0.6126666666666667,0.3394285714285714,0.99,0.5055319148936169,0.7327925576389843,297,578,3,622,0.9292604501607717,0.4237285352671548,0.5440153132592209
TinyMLP h5 (mu12),41,2003,0.03,0.4897331273336216,21,4500,1500,1500,0.3426666666666667,0.23076923076923078,0.98,0.3735705209656925,0.21228281169118107,294,980,6,220,0.8738461538461538,0.5002756328804614,0.42750147645721853
Schmidt-QPP QNN L2,41,3001,0.03,0.5956951977795779,25,4500,1500,1500,0.338,0.2290852228303362,0.9766666666666667,0.37112096263457883,0.21274503500948527,293,986,7,214,0.8738461538461538,0.502725191211575,0.4246982847050638
TinyMLP h5 (lambda12),41,3001,0.03,0.5495063074301623,21,4500,1500,1500,0.6086666666666667,0.33674630261660976,0.9866666666666667,0.5021204410517387,0.6767602667338682,296,583,4,617,0.9292604501607717,0.42714000910903305,0.5403441424466807
TinyMLP h5 (mu12),41,3001,0.03,0.4897331273336216,21,4500,1500,1500,0.338,0.2290852228303362,0.9766666666666667,0.37112096263457883,0.21274503500948527,293,986,7,214,0.8738461538461538,0.502725191211575,0.4246982847050638
Schmidt-QPP QNN L2,41,1001,0.05,0.5956951977795779,25,4500,1500,1500,0.2653333333333333,0.21357142857142858,0.9966666666666667,0.3517647058823529,0.19611922126960987,299,1101,1,99,0.8738461538461538,0.522081447963801,0.4025476387738194
TinyMLP h5 (lambda12),41,1001,0.05,0.5495063074301623,21,4500,1500,1500,0.42333333333333334,0.25709372312983664,0.9966666666666667,0.40874914559125086,0.47398786721659714,299,864,1,336,0.9292604501607717,0.5205113045695209,0.43986499750477165
TinyMLP h5 (mu12),41,1001,0.05,0.4897331273336216,21,4500,1500,1500,0.2653333333333333,0.21357142857142858,0.9966666666666667,0.3517647058823529,0.1961192212696099,299,1101,1,99,0.8738461538461538,0.522081447963801,0.4025476387738194
Schmidt-QPP QNN L2,41,2003,0.05,0.5956951977795779,25,4500,1500,1500,0.2806666666666667,0.21548575602629658,0.9833333333333333,0.35350509286998205,0.19745986146352626,295,1074,5,126,0.8738461538461538,0.5203410609761718,0.4045392788124795
TinyMLP h5 (lambda12),41,2003,0.05,0.5495063074301623,21,4500,1500,1500,0.42733333333333334,0.25842696629213485,0.9966666666666667,0.4104323953328758,0.45736305361872565,299,858,1,342,0.9292604501607717,0.518828054827896,0.4416763839049286
TinyMLP h5 (mu12),41,2003,0.05,0.4897331273336216,21,4500,1500,1500,0.2806666666666667,0.21548575602629658,0.9833333333333333,0.35350509286998205,0.19745986146352623,295,1074,5,126,0.8738461538461538,0.5203410609761718,0.4045392788124795
Schmidt-QPP QNN L2,41,3001,0.05,0.5956951977795779,25,4500,1500,1500,0.276,0.21397379912663755,0.98,0.3512544802867384,0.20146714372418753,294,1080,6,120,0.8738461538461538,0.5225916735594154,0.4019637538492605
TinyMLP h5 (lambda12),41,3001,0.05,0.5495063074301623,21,4500,1500,1500,0.4206666666666667,0.25621251071122536,0.9966666666666667,0.4076346284935242,0.5134467500057991,299,868,1,332,0.9292604501607717,0.5216258216672476,0.4386656382750382
TinyMLP h5 (mu12),41,3001,0.05,0.4897331273336216,21,4500,1500,1500,0.276,0.21397379912663755,0.98,0.3512544802867384,0.20146714372418753,294,1080,6,120,0.8738461538461538,0.5225916735594154,0.4019637538492605
Schmidt-QPP QNN L2,41,1001,0.08,0.5956951977795779,25,4500,1500,1500,0.226,0.20493488690884168,0.9966666666666667,0.33996588971006253,0.19213289966331787,299,1160,1,40,0.8738461538461538,0.5338802641360914,0.38904547237947296
TinyMLP h5 (lambda12),41,1001,0.08,0.5495063074301623,21,4500,1500,1500,0.27666666666666667,0.21660649819494585,1.0,0.3560830860534125,0.3019086336293604,300,1085,0,115,0.9292604501607717,0.5731773641073592,0.3831897569640529
TinyMLP h5 (mu12),41,1001,0.08,0.4897331273336216,21,4500,1500,1500,0.226,0.20493488690884168,0.9966666666666667,0.33996588971006253,0.19213289966331787,299,1160,1,40,0.8738461538461538,0.5338802641360914,0.38904547237947296
Schmidt-QPP QNN L2,41,2003,0.08,0.5956951977795779,25,4500,1500,1500,0.22733333333333333,0.2039972432804962,0.9866666666666667,0.3380925185608224,0.2056352884635909,296,1155,4,45,0.8738461538461538,0.5357536352853314,0.3869016497615045
TinyMLP h5 (lambda12),41,2003,0.08,0.5495063074301623,21,4500,1500,1500,0.2866666666666667,0.21897810218978103,1.0,0.35928143712574856,0.30247560515960425,300,1070,0,130,0.9292604501607717,0.5699790130350232,0.3866315811284007
TinyMLP h5 (mu12),41,2003,0.08,0.4897331273336216,21,4500,1500,1500,0.22733333333333333,0.2039972432804962,0.9866666666666667,0.3380925185608224,0.20563528846359086,296,1155,4,45,0.8738461538461538,0.5357536352853314,0.3869016497615045
Schmidt-QPP QNN L2,41,3001,0.08,0.5956951977795779,25,4500,1500,1500,0.22933333333333333,0.20523415977961432,0.9933333333333333,0.3401826484018265,0.19942947549908674,298,1154,2,46,0.8738461538461538,0.5336635054443273,0.3892935236992733
TinyMLP h5 (lambda12),41,3001,0.08,0.5495063074301623,21,4500,1500,1500,0.29733333333333334,0.22156573116691286,1.0,0.36275695284159615,0.32378566510222145,300,1054,0,146,0.9292604501607717,0.5665034973191756,0.3903716689748664
TinyMLP h5 (mu12),41,3001,0.08,0.4897331273336216,21,4500,1500,1500,0.22933333333333333,0.20523415977961432,0.9933333333333333,0.3401826484018265,0.19942947549908674,298,1154,2,46,0.8738461538461538,0.5336635054443273,0.3892935236992733
Schmidt-QPP QNN L2,41,1001,0.1,0.5956951977795779,25,4500,1500,1500,0.21533333333333332,0.20271186440677966,0.9966666666666667,0.3369014084507042,0.19564740924710022,299,1176,1,24,0.8738461538461538,0.5369447453954497,0.3855385836143622
TinyMLP h5 (lambda12),41,1001,0.1,0.5495063074301623,21,4500,1500,1500,0.23733333333333334,0.20694444444444443,0.9933333333333333,0.34252873563218383,0.25615528873794213,298,1142,2,58,0.9292604501607717,0.586731714528588,0.3686035874796165
TinyMLP h5 (mu12),41,1001,0.1,0.4897331273336216,21,4500,1500,1500,0.21533333333333332,0.20271186440677966,0.9966666666666667,0.3369014084507042,0.19564740924710022,299,1176,1,24,0.8738461538461538,0.5369447453954497,0.3855385836143622
Schmidt-QPP QNN L2,41,2003,0.1,0.5956951977795779,25,4500,1500,1500,0.218,0.20366598778004075,1.0,0.338409475465313,0.2083250721419329,300,1173,0,27,0.8738461538461538,0.5354366783808409,0.3872643645289674
TinyMLP h5 (lambda12),41,2003,0.1,0.5495063074301623,21,4500,1500,1500,0.23733333333333334,0.2077562326869806,1.0,0.3440366972477064,0.25567938192644485,300,1144,0,56,0.9292604501607717,0.5852237529130653,0.3702263420208882
TinyMLP h5 (mu12),41,2003,0.1,0.4897331273336216,21,4500,1500,1500,0.218,0.20366598778004075,1.0,0.338409475465313,0.20832507214193294,300,1173,0,27,0.8738461538461538,0.5354366783808409,0.3872643645289674
Schmidt-QPP QNN L2,41,3001,0.1,0.5956951977795779,25,4500,1500,1500,0.21733333333333332,0.20352781546811397,1.0,0.3382187147688839,0.19059933317952038,300,1174,0,26,0.8738461538461538,0.53562743907727,0.38704606443622275
TinyMLP h5 (lambda12),41,3001,0.1,0.5495063074301623,21,4500,1500,1500,0.246,0.20964360587002095,1.0,0.34662045060658575,0.2511091410046834,300,1131,0,69,0.9292604501607717,0.582639999554186,0.37300678248667185
TinyMLP h5 (mu12),41,3001,0.1,0.4897331273336216,21,4500,1500,1500,0.21733333333333332,0.20352781546811397,1.0,0.3382187147688839,0.19059933317952038,300,1174,0,26,0.8738461538461538,0.53562743907727,0.38704606443622275
Schmidt-QPP QNN L2,41,1001,0.15,0.5956951977795779,25,4500,1500,1500,0.20666666666666667,0.20134228187919462,1.0,0.33519553072625696,0.1994937891215195,300,1190,0,10,0.8738461538461538,0.5386506231198969,0.3835864348099772
TinyMLP h5 (lambda12),41,1001,0.15,0.5495063074301623,21,4500,1500,1500,0.20533333333333334,0.20107238605898123,1.0,0.3348214285714286,0.19384846167448405,300,1192,0,8,0.9292604501607717,0.5944390215893431,0.3603095650024716
TinyMLP h5 (mu12),41,1001,0.15,0.4897331273336216,21,4500,1500,1500,0.20666666666666667,0.20134228187919462,1.0,0.33519553072625696,0.1994937891215195,300,1190,0,10,0.8738461538461538,0.5386506231198969,0.3835864348099772
Schmidt-QPP QNN L2,41,2003,0.15,0.5956951977795779,25,4500,1500,1500,0.206,0.2012072434607646,1.0,0.33500837520938026,0.19242402756132623,300,1191,0,9,0.8738461538461538,0.5388377786367735,0.38337226036284716
TinyMLP h5 (lambda12),41,2003,0.15,0.5495063074301623,21,4500,1500,1500,0.20533333333333334,0.20107238605898123,1.0,0.3348214285714286,0.18243014495506338,300,1192,0,8,0.9292604501607717,0.5944390215893431,0.3603095650024716
TinyMLP h5 (mu12),41,2003,0.15,0.4897331273336216,21,4500,1500,1500,0.206,0.2012072434607646,1.0,0.33500837520938026,0.1924240275613262,300,1191,0,9,0.8738461538461538,0.5388377786367735,0.38337226036284716
Schmidt-QPP QNN L2,41,3001,0.15,0.5956951977795779,25,4500,1500,1500,0.20066666666666666,0.200133422281521,1.0,0.33351862145636463,0.18689397039092182,300,1199,0,1,0.8738461538461538,0.5403275323897891,0.3816674365257694
TinyMLP h5 (lambda12),41,3001,0.15,0.5495063074301623,21,4500,1500,1500,0.20333333333333334,0.20066889632107024,1.0,0.3342618384401114,0.19255003111168623,300,1195,0,5,0.9292604501607717,0.5949986117206603,0.35970737631444516
TinyMLP h5 (mu12),41,3001,0.15,0.4897331273336216,21,4500,1500,1500,0.20066666666666666,0.200133422281521,1.0,0.33351862145636463,0.18689397039092176,300,1199,0,1,0.8738461538461538,0.5403275323897891,0.3816674365257694
Schmidt-QPP QNN L2,53,clean,0.0,0.49739777738176355,25,4500,1500,1500,0.9453333333333334,0.8114285714285714,0.9466666666666667,0.8738461538461538,0.922911660233885,284,66,16,1134,0.8738461538461538,0.0,1.0
TinyMLP h5 (lambda12),53,clean,0.0,0.5731570837741349,21,4500,1500,1500,0.9693333333333334,0.8944099378881988,0.96,0.9260450160771705,0.9686686367629217,288,34,12,1166,0.9260450160771705,0.0,1.0
TinyMLP h5 (mu12),53,clean,0.0,0.45711167644633555,21,4500,1500,1500,0.9453333333333334,0.8114285714285714,0.9466666666666667,0.8738461538461538,0.9229130694983899,284,66,16,1134,0.8738461538461538,0.0,1.0
Schmidt-QPP QNN L2,53,1001,0.01,0.49739777738176355,25,4500,1500,1500,0.5926666666666667,0.3246899661781285,0.96,0.485256950294861,0.29167940960932764,288,599,12,601,0.8738461538461538,0.38858920355129284,0.555311650865598
TinyMLP h5 (lambda12),53,1001,0.01,0.5731570837741349,21,4500,1500,1500,0.8486666666666667,0.571150097465887,0.9766666666666667,0.7207872078720787,0.8739005276385505,293,220,7,980,0.9260450160771705,0.20525780820509176,0.7783500751674183
TinyMLP h5 (mu12),53,1001,0.01,0.45711167644633555,21,4500,1500,1500,0.5926666666666667,0.3246899661781285,0.96,0.485256950294861,0.29167940960932764,288,599,12,601,0.8738461538461538,0.38858920355129284,0.555311650865598
Schmidt-QPP QNN L2,53,2003,0.01,0.49739777738176355,25,4500,1500,1500,0.588,0.32094594594594594,0.95,0.47979797979797983,0.3089451280043943,285,603,15,597,0.8738461538461538,0.394048174048174,0.5490645895575473
TinyMLP h5 (lambda12),53,2003,0.01,0.5731570837741349,21,4500,1500,1500,0.8286666666666667,0.5401869158878505,0.9633333333333334,0.6922155688622754,0.8648656609337608,289,246,11,954,0.9260450160771705,0.23382944721489507,0.7474966733200266
TinyMLP h5 (mu12),53,2003,0.01,0.45711167644633555,21,4500,1500,1500,0.588,0.32094594594594594,0.95,0.47979797979797983,0.3089451280043942,285,603,15,597,0.8738461538461538,0.394048174048174,0.5490645895575473
Schmidt-QPP QNN L2,53,3001,0.01,0.49739777738176355,25,4500,1500,1500,0.6153333333333333,0.3376318874560375,0.96,0.49956634865568084,0.328699765404565,288,565,12,635,0.8738461538461538,0.374279805190473,0.5716868426517474
TinyMLP h5 (lambda12),53,3001,0.01,0.5731570837741349,21,4500,1500,1500,0.8393333333333334,0.5566218809980806,0.9666666666666667,0.7064555420219245,0.8808483622192197,290,231,10,969,0.9260450160771705,0.21958947405524598,0.7628738665583976
TinyMLP h5 (mu12),53,3001,0.01,0.45711167644633555,21,4500,1500,1500,0.6153333333333333,0.3376318874560375,0.96,0.49956634865568084,0.32870365910506105,288,565,12,635,0.8738461538461538,0.374279805190473,0.5716868426517474
Schmidt-QPP QNN L2,53,1001,0.02,0.49739777738176355,25,4500,1500,1500,0.44066666666666665,0.2565492321589883,0.9466666666666667,0.40369580668088134,0.23936888541682577,284,823,16,377,0.8738461538461538,0.4701503471652725,0.4619758351101635
TinyMLP h5 (lambda12),53,1001,0.02,0.5731570837741349,21,4500,1500,1500,0.6993333333333334,0.3969986357435198,0.97,0.563407550822846,0.7734985690234514,291,442,9,758,0.9260450160771705,0.3626374652543245,0.6084019038399482
TinyMLP h5 (mu12),53,1001,0.02,0.45711167644633555,21,4500,1500,1500,0.44066666666666665,0.2565492321589883,0.9466666666666667,0.40369580668088134,0.23937224242973404,284,823,16,377,0.8738461538461538,0.4701503471652725,0.4619758351101635
Schmidt-QPP QNN L2,53,2003,0.02,0.49739777738176355,25,4500,1500,1500,0.43533333333333335,0.25645592163846836,0.96,0.4047786366830639,0.23145603459451058,288,835,12,365,0.8738461538461538,0.4690675171630899,0.46321498916195697
TinyMLP h5 (lambda12),53,2003,0.02,0.5731570837741349,21,4500,1500,1500,0.696,0.3945945945945946,0.9733333333333334,0.5615384615384615,0.7922675347546553,292,448,8,752,0.9260450160771705,0.36450655453870895,0.606383547008547
TinyMLP h5 (mu12),53,2003,0.02,0.45711167644633555,21,4500,1500,1500,0.43533333333333335,0.25645592163846836,0.96,0.4047786366830639,0.23145603459451058,288,835,12,365,0.8738461538461538,0.4690675171630899,0.46321498916195697
Schmidt-QPP QNN L2,53,3001,0.02,0.49739777738176355,25,4500,1500,1500,0.42333333333333334,0.25413402959094866,0.9733333333333334,0.4030365769496204,0.23629425969878506,292,857,8,343,0.8738461538461538,0.4708095768965334,0.46122143488953043
TinyMLP h5 (lambda12),53,3001,0.02,0.5731570837741349,21,4500,1500,1500,0.7106666666666667,0.407202216066482,0.98,0.5753424657534247,0.814102990494784,294,428,6,772,0.9260450160771705,0.35070255032374575,0.6212899543378996
TinyMLP h5 (mu12),53,3001,0.02,0.45711167644633555,21,4500,1500,1500,0.42333333333333334,0.25413402959094866,0.9733333333333334,0.4030365769496204,0.23629425969878504,292,857,8,343,0.8738461538461538,0.4708095768965334,0.46122143488953043
Schmidt-QPP QNN L2,53,1001,0.03,0.49739777738176355,25,4500,1500,1500,0.3446666666666667,0.23131392604248624,0.98,0.37428389560789305,0.21252371851693944,294,977,6,223,0.8738461538461538,0.4995622582382608,0.4283178382836804
TinyMLP h5 (lambda12),53,1001,0.03,0.5731570837741349,21,4500,1500,1500,0.584,0.3227571115973742,0.9833333333333333,0.48599670510708404,0.6992265711521852,295,619,5,581,0.9260450160771705,0.44004831097008645,0.5248089419732748
TinyMLP h5 (mu12),53,1001,0.03,0.45711167644633555,21,4500,1500,1500,0.3446666666666667,0.23131392604248624,0.98,0.37428389560789305,0.21252371851693944,294,977,6,223,0.8738461538461538,0.4995622582382608,0.4283178382836804
Schmidt-QPP QNN L2,53,2003,0.03,0.49739777738176355,25,4500,1500,1500,0.3426666666666667,0.23076923076923078,0.98,0.3735705209656925,0.21228281169118107,294,980,6,220,0.8738461538461538,0.5002756328804614,0.42750147645721853
TinyMLP h5 (lambda12),53,2003,0.03,0.5731570837741349,21,4500,1500,1500,0.602,0.3333333333333333,0.99,0.49874055415617125,0.7781828410281779,297,594,3,606,0.9260450160771705,0.42730446192099925,0.5385705289672543
TinyMLP h5 (mu12),53,2003,0.03,0.45711167644633555,21,4500,1500,1500,0.3426666666666667,0.23076923076923078,0.98,0.3735705209656925,0.21228281169118107,294,980,6,220,0.8738461538461538,0.5002756328804614,0.42750147645721853
Schmidt-QPP QNN L2,53,3001,0.03,0.49739777738176355,25,4500,1500,1500,0.338,0.2290852228303362,0.9766666666666667,0.37112096263457883,0.21274503500948527,293,986,7,214,0.8738461538461538,0.502725191211575,0.4246982847050638
TinyMLP h5 (lambda12),53,3001,0.03,0.5731570837741349,21,4500,1500,1500,0.588,0.3252747252747253,0.9866666666666667,0.4892561983471075,0.7327039787916905,296,614,4,586,0.9260450160771705,0.436788817730063,0.5283287419651056
TinyMLP h5 (mu12),53,3001,0.03,0.45711167644633555,21,4500,1500,1500,0.338,0.2290852228303362,0.9766666666666667,0.37112096263457883,0.21274503500948527,293,986,7,214,0.8738461538461538,0.502725191211575,0.4246982847050638
Schmidt-QPP QNN L2,53,1001,0.05,0.49739777738176355,25,4500,1500,1500,0.2653333333333333,0.21357142857142858,0.9966666666666667,0.3517647058823529,0.19611922126960987,299,1101,1,99,0.8738461538461538,0.522081447963801,0.4025476387738194
TinyMLP h5 (lambda12),53,1001,0.05,0.5731570837741349,21,4500,1500,1500,0.4093333333333333,0.25253378378378377,0.9966666666666667,0.4029649595687332,0.5742349083932059,299,885,1,315,0.9260450160771705,0.5230800565084373,0.43514618897873614
TinyMLP h5 (mu12),53,1001,0.05,0.45711167644633555,21,4500,1500,1500,0.2653333333333333,0.21357142857142858,0.9966666666666667,0.3517647058823529,0.1961192212696099,299,1101,1,99,0.8738461538461538,0.522081447963801,0.4025476387738194
Schmidt-QPP QNN L2,53,2003,0.05,0.49739777738176355,25,4500,1500,1500,0.2806666666666667,0.21548575602629658,0.9833333333333333,0.35350509286998205,0.19745986146352626,295,1074,5,126,0.8738461538461538,0.5203410609761718,0.4045392788124795
TinyMLP h5 (lambda12),53,2003,0.05,0.5731570837741349,21,4500,1500,1500,0.412,0.2529711375212224,0.9933333333333333,0.40324763193504737,0.558482534196224,298,880,2,320,0.9260450160771705,0.5227973841421232,0.43545143587430457
TinyMLP h5 (mu12),53,2003,0.05,0.45711167644633555,21,4500,1500,1500,0.2806666666666667,0.21548575602629658,0.9833333333333333,0.35350509286998205,0.19745986146352626,295,1074,5,126,0.8738461538461538,0.5203410609761718,0.4045392788124795
Schmidt-QPP QNN L2,53,3001,0.05,0.49739777738176355,25,4500,1500,1500,0.276,0.21397379912663755,0.98,0.3512544802867384,0.2014671437241875,294,1080,6,120,0.8738461538461538,0.5225916735594154,0.4019637538492605
TinyMLP h5 (lambda12),53,3001,0.05,0.5731570837741349,21,4500,1500,1500,0.408,0.2512690355329949,0.99,0.40080971659919024,0.6318438097124089,297,885,3,315,0.9260450160771705,0.5252352994779803,0.43281882591093107
TinyMLP h5 (mu12),53,3001,0.05,0.45711167644633555,21,4500,1500,1500,0.276,0.21397379912663755,0.98,0.3512544802867384,0.2014671437241875,294,1080,6,120,0.8738461538461538,0.5225916735594154,0.4019637538492605
Schmidt-QPP QNN L2,53,1001,0.08,0.49739777738176355,25,4500,1500,1500,0.226,0.20493488690884168,0.9966666666666667,0.33996588971006253,0.19213289966331787,299,1160,1,40,0.8738461538461538,0.5338802641360914,0.38904547237947296
TinyMLP h5 (lambda12),53,1001,0.08,0.5731570837741349,21,4500,1500,1500,0.2693333333333333,0.2148997134670487,1.0,0.35377358490566035,0.3780000721257644,300,1096,0,104,0.9260450160771705,0.5722714311715101,0.3820263364779874
TinyMLP h5 (mu12),53,1001,0.08,0.45711167644633555,21,4500,1500,1500,0.226,0.20493488690884168,0.9966666666666667,0.33996588971006253,0.19213289966331787,299,1160,1,40,0.8738461538461538,0.5338802641360914,0.38904547237947296
Schmidt-QPP QNN L2,53,2003,0.08,0.49739777738176355,25,4500,1500,1500,0.22733333333333333,0.2039972432804962,0.9866666666666667,0.3380925185608224,0.20563528846359086,296,1155,4,45,0.8738461538461538,0.5357536352853314,0.3869016497615045
TinyMLP h5 (lambda12),53,2003,0.08,0.5731570837741349,21,4500,1500,1500,0.2793333333333333,0.21682378535170413,0.9966666666666667,0.3561643835616438,0.39086711823245657,299,1080,1,120,0.9260450160771705,0.5698806325155267,0.38460806697108063
TinyMLP h5 (mu12),53,2003,0.08,0.45711167644633555,21,4500,1500,1500,0.22733333333333333,0.2039972432804962,0.9866666666666667,0.3380925185608224,0.20563528846359086,296,1155,4,45,0.8738461538461538,0.5357536352853314,0.3869016497615045
Schmidt-QPP QNN L2,53,3001,0.08,0.49739777738176355,25,4500,1500,1500,0.22933333333333333,0.20523415977961432,0.9933333333333333,0.3401826484018265,0.19942947549908674,298,1154,2,46,0.8738461538461538,0.5336635054443273,0.3892935236992733
TinyMLP h5 (lambda12),53,3001,0.08,0.5731570837741349,21,4500,1500,1500,0.28933333333333333,0.21961932650073207,1.0,0.36014405762304924,0.42624661122696444,300,1066,0,134,0.9260450160771705,0.5659009584541213,0.3889055622248899
TinyMLP h5 (mu12),53,3001,0.08,0.45711167644633555,21,4500,1500,1500,0.22933333333333333,0.20523415977961432,0.9933333333333333,0.3401826484018265,0.19942947549908674,298,1154,2,46,0.8738461538461538,0.5336635054443273,0.3892935236992733
Schmidt-QPP QNN L2,53,1001,0.1,0.49739777738176355,25,4500,1500,1500,0.21533333333333332,0.20271186440677966,0.9966666666666667,0.3369014084507042,0.19564740924710022,299,1176,1,24,0.8738461538461538,0.5369447453954497,0.3855385836143622
TinyMLP h5 (lambda12),53,1001,0.1,0.5731570837741349,21,4500,1500,1500,0.23266666666666666,0.20594333102971665,0.9933333333333333,0.3411562678878077,0.3358513055409659,298,1149,2,51,0.9260450160771705,0.5848887481893628,0.36840138650384785
TinyMLP h5 (mu12),53,1001,0.1,0.45711167644633555,21,4500,1500,1500,0.21533333333333332,0.20271186440677966,0.9966666666666667,0.3369014084507042,0.19564740924710022,299,1176,1,24,0.8738461538461538,0.5369447453954497,0.3855385836143622
Schmidt-QPP QNN L2,53,2003,0.1,0.49739777738176355,25,4500,1500,1500,0.218,0.20366598778004075,1.0,0.338409475465313,0.2083250721419329,300,1173,0,27,0.8738461538461538,0.5354366783808409,0.3872643645289674
TinyMLP h5 (lambda12),53,2003,0.1,0.5731570837741349,21,4500,1500,1500,0.23266666666666666,0.2067539627842867,1.0,0.34266133637921187,0.34243705453991835,300,1151,0,49,0.9260450160771705,0.5833836796979586,0.3700266514372739
TinyMLP h5 (mu12),53,2003,0.1,0.45711167644633555,21,4500,1500,1500,0.218,0.20366598778004075,1.0,0.338409475465313,0.2083250721419329,300,1173,0,27,0.8738461538461538,0.5354366783808409,0.3872643645289674
Schmidt-QPP QNN L2,53,3001,0.1,0.49739777738176355,25,4500,1500,1500,0.21733333333333332,0.20352781546811397,1.0,0.3382187147688839,0.19059933317952038,300,1174,0,26,0.8738461538461538,0.53562743907727,0.38704606443622275
TinyMLP h5 (lambda12),53,3001,0.1,0.5731570837741349,21,4500,1500,1500,0.24,0.20833333333333334,1.0,0.3448275862068966,0.33453385809498937,300,1140,0,60,0.9260450160771705,0.5812174298702739,0.37236590038314177
TinyMLP h5 (mu12),53,3001,0.1,0.45711167644633555,21,4500,1500,1500,0.21733333333333332,0.20352781546811397,1.0,0.3382187147688839,0.19059933317952038,300,1174,0,26,0.8738461538461538,0.53562743907727,0.38704606443622275
Schmidt-QPP QNN L2,53,1001,0.15,0.49739777738176355,25,4500,1500,1500,0.20666666666666667,0.20134228187919462,1.0,0.33519553072625696,0.1994937891215195,300,1190,0,10,0.8738461538461538,0.5386506231198969,0.3835864348099772
TinyMLP h5 (lambda12),53,1001,0.15,0.5731570837741349,21,4500,1500,1500,0.20533333333333334,0.20107238605898123,1.0,0.3348214285714286,0.23876773982305202,300,1192,0,8,0.9260450160771705,0.5912235875057419,0.3615606398809524
TinyMLP h5 (mu12),53,1001,0.15,0.45711167644633555,21,4500,1500,1500,0.20666666666666667,0.20134228187919462,1.0,0.33519553072625696,0.1994937891215195,300,1190,0,10,0.8738461538461538,0.5386506231198969,0.3835864348099772
Schmidt-QPP QNN L2,53,2003,0.15,0.49739777738176355,25,4500,1500,1500,0.206,0.2012072434607646,1.0,0.33500837520938026,0.1924240275613262,300,1191,0,9,0.8738461538461538,0.5388377786367735,0.38337226036284716
TinyMLP h5 (lambda12),53,2003,0.15,0.5731570837741349,21,4500,1500,1500,0.20333333333333334,0.20066889632107024,1.0,0.3342618384401114,0.2115194107643541,300,1195,0,5,0.9260450160771705,0.591783177637059,0.3609563602599814
TinyMLP h5 (mu12),53,2003,0.15,0.45711167644633555,21,4500,1500,1500,0.206,0.2012072434607646,1.0,0.33500837520938026,0.1924240275613262,300,1191,0,9,0.8738461538461538,0.5388377786367735,0.38337226036284716
Schmidt-QPP QNN L2,53,3001,0.15,0.49739777738176355,25,4500,1500,1500,0.20066666666666666,0.200133422281521,1.0,0.33351862145636463,0.18689397039092182,300,1199,0,1,0.8738461538461538,0.5403275323897891,0.3816674365257694
TinyMLP h5 (lambda12),53,3001,0.15,0.5731570837741349,21,4500,1500,1500,0.202,0.20040080160320642,1.0,0.333889816360601,0.23309674234559058,300,1197,0,3,0.9260450160771705,0.5921551997165695,0.3605546280838434
TinyMLP h5 (mu12),53,3001,0.15,0.45711167644633555,21,4500,1500,1500,0.20066666666666666,0.200133422281521,1.0,0.33351862145636463,0.18689397039092176,300,1199,0,1,0.8738461538461538,0.5403275323897891,0.3816674365257694
Schmidt-QPP QNN L2,67,clean,0.0,0.5539221874020205,25,4500,1500,1500,0.9453333333333334,0.8114285714285714,0.9466666666666667,0.8738461538461538,0.922911660233885,284,66,16,1134,0.8738461538461538,0.0,1.0
TinyMLP h5 (lambda12),67,clean,0.0,0.46780037111489353,21,4500,1500,1500,0.9653333333333334,0.8757575757575757,0.9633333333333334,0.9174603174603174,0.9606633276313581,289,41,11,1159,0.9174603174603174,0.0,1.0
TinyMLP h5 (mu12),67,clean,0.0,0.49863011652184247,21,4500,1500,1500,0.9453333333333334,0.8114285714285714,0.9466666666666667,0.8738461538461538,0.922911660233885,284,66,16,1134,0.8738461538461538,0.0,1.0
Schmidt-QPP QNN L2,67,1001,0.01,0.5539221874020205,25,4500,1500,1500,0.5926666666666667,0.3246899661781285,0.96,0.485256950294861,0.29167940960932764,288,599,12,601,0.8738461538461538,0.38858920355129284,0.555311650865598
TinyMLP h5 (lambda12),67,1001,0.01,0.46780037111489353,21,4500,1500,1500,0.7473333333333333,0.44095665171898357,0.9833333333333333,0.608875128998968,0.879043152988234,295,374,5,826,0.9174603174603174,0.3085851884613494,0.6636528222653112
TinyMLP h5 (mu12),67,1001,0.01,0.49863011652184247,21,4500,1500,1500,0.5926666666666667,0.3246899661781285,0.96,0.485256950294861,0.29167940960932764,288,599,12,601,0.8738461538461538,0.38858920355129284,0.555311650865598
Schmidt-QPP QNN L2,67,2003,0.01,0.5539221874020205,25,4500,1500,1500,0.588,0.32094594594594594,0.95,0.47979797979797983,0.3089451280043943,285,603,15,597,0.8738461538461538,0.394048174048174,0.5490645895575473
TinyMLP h5 (lambda12),67,2003,0.01,0.46780037111489353,21,4500,1500,1500,0.7246666666666667,0.418705035971223,0.97,0.5849246231155779,0.868335264675732,291,404,9,796,0.9174603174603174,0.3325356943447395,0.6375475995896438
TinyMLP h5 (mu12),67,2003,0.01,0.49863011652184247,21,4500,1500,1500,0.588,0.32094594594594594,0.95,0.47979797979797983,0.3089451280043942,285,603,15,597,0.8738461538461538,0.394048174048174,0.5490645895575473
Schmidt-QPP QNN L2,67,3001,0.01,0.5539221874020205,25,4500,1500,1500,0.6153333333333333,0.3376318874560375,0.96,0.49956634865568084,0.328699765404565,288,565,12,635,0.8738461538461538,0.374279805190473,0.5716868426517474
TinyMLP h5 (lambda12),67,3001,0.01,0.46780037111489353,21,4500,1500,1500,0.7346666666666667,0.4279411764705882,0.97,0.5938775510204082,0.8862856633443051,291,389,9,811,0.9174603174603174,0.32358276643990924,0.6473059812160159
TinyMLP h5 (mu12),67,3001,0.01,0.49863011652184247,21,4500,1500,1500,0.6153333333333333,0.3376318874560375,0.96,0.49956634865568084,0.328699765404565,288,565,12,635,0.8738461538461538,0.374279805190473,0.5716868426517474
Schmidt-QPP QNN L2,67,1001,0.02,0.5539221874020205,25,4500,1500,1500,0.44066666666666665,0.2565492321589883,0.9466666666666667,0.40369580668088134,0.23936888541682577,284,823,16,377,0.8738461538461538,0.4701503471652725,0.4619758351101635
TinyMLP h5 (lambda12),67,1001,0.02,0.46780037111489353,21,4500,1500,1500,0.5706666666666667,0.3142548596112311,0.97,0.47471451876019577,0.7943879671126121,291,635,9,565,0.9174603174603174,0.44274579870012165,0.5174223993406978
TinyMLP h5 (mu12),67,1001,0.02,0.49863011652184247,21,4500,1500,1500,0.44066666666666665,0.2565492321589883,0.9466666666666667,0.40369580668088134,0.23936888541682577,284,823,16,377,0.8738461538461538,0.4701503471652725,0.4619758351101635
Schmidt-QPP QNN L2,67,2003,0.02,0.5539221874020205,25,4500,1500,1500,0.43533333333333335,0.25645592163846836,0.96,0.4047786366830639,0.23145603459451058,288,835,12,365,0.8738461538461538,0.4690675171630899,0.46321498916195697
TinyMLP h5 (lambda12),67,2003,0.02,0.46780037111489353,21,4500,1500,1500,0.5673333333333334,0.3137673425827108,0.98,0.4753435731608731,0.810278956674834,294,643,6,557,0.9174603174603174,0.4421167442994443,0.5181080468708479
TinyMLP h5 (mu12),67,2003,0.02,0.49863011652184247,21,4500,1500,1500,0.43533333333333335,0.25645592163846836,0.96,0.4047786366830639,0.23145603459451058,288,835,12,365,0.8738461538461538,0.4690675171630899,0.46321498916195697
Schmidt-QPP QNN L2,67,3001,0.02,0.5539221874020205,25,4500,1500,1500,0.42333333333333334,0.25413402959094866,0.9733333333333334,0.4030365769496204,0.23629425969878504,292,857,8,343,0.8738461538461538,0.4708095768965334,0.46122143488953043
TinyMLP h5 (lambda12),67,3001,0.02,0.46780037111489353,21,4500,1500,1500,0.5666666666666667,0.31382978723404253,0.9833333333333333,0.47580645161290314,0.833896106428875,295,645,5,555,0.9174603174603174,0.4416538658474143,0.5186125683670052
TinyMLP h5 (mu12),67,3001,0.02,0.49863011652184247,21,4500,1500,1500,0.42333333333333334,0.25413402959094866,0.9733333333333334,0.4030365769496204,0.2362942596987851,292,857,8,343,0.8738461538461538,0.4708095768965334,0.46122143488953043
Schmidt-QPP QNN L2,67,1001,0.03,0.5539221874020205,25,4500,1500,1500,0.3446666666666667,0.23131392604248624,0.98,0.37428389560789305,0.2125237185169394,294,977,6,223,0.8738461538461538,0.4995622582382608,0.4283178382836804
TinyMLP h5 (lambda12),67,1001,0.03,0.46780037111489353,21,4500,1500,1500,0.45066666666666666,0.26481149012567323,0.9833333333333333,0.41725601131541723,0.7376626255151837,295,819,5,381,0.9174603174603174,0.5002043061449002,0.45479461440953783
TinyMLP h5 (mu12),67,1001,0.03,0.49863011652184247,21,4500,1500,1500,0.3446666666666667,0.23131392604248624,0.98,0.37428389560789305,0.2125237185169394,294,977,6,223,0.8738461538461538,0.4995622582382608,0.4283178382836804
Schmidt-QPP QNN L2,67,2003,0.03,0.5539221874020205,25,4500,1500,1500,0.3426666666666667,0.23076923076923078,0.98,0.3735705209656925,0.21228281169118107,294,980,6,220,0.8738461538461538,0.5002756328804614,0.42750147645721853
TinyMLP h5 (lambda12),67,2003,0.03,0.46780037111489353,21,4500,1500,1500,0.4493333333333333,0.26559714795008915,0.9933333333333333,0.419127988748242,0.8024175352260143,298,824,2,376,0.9174603174603174,0.49833232871207545,0.4568350050370112
TinyMLP h5 (mu12),67,2003,0.03,0.49863011652184247,21,4500,1500,1500,0.3426666666666667,0.23076923076923078,0.98,0.3735705209656925,0.21228281169118107,294,980,6,220,0.8738461538461538,0.5002756328804614,0.42750147645721853
Schmidt-QPP QNN L2,67,3001,0.03,0.5539221874020205,25,4500,1500,1500,0.338,0.2290852228303362,0.9766666666666667,0.37112096263457883,0.21274503500948527,293,986,7,214,0.8738461538461538,0.502725191211575,0.4246982847050638
TinyMLP h5 (lambda12),67,3001,0.03,0.46780037111489353,21,4500,1500,1500,0.448,0.26512455516014233,0.9933333333333333,0.41853932584269665,0.7634500906630296,298,826,2,374,0.9174603174603174,0.49892099161762077,0.4561933828389254
TinyMLP h5 (mu12),67,3001,0.03,0.49863011652184247,21,4500,1500,1500,0.338,0.2290852228303362,0.9766666666666667,0.37112096263457883,0.21274503500948527,293,986,7,214,0.8738461538461538,0.502725191211575,0.4246982847050638
Schmidt-QPP QNN L2,67,1001,0.05,0.5539221874020205,25,4500,1500,1500,0.2653333333333333,0.21357142857142858,0.9966666666666667,0.3517647058823529,0.19611922126960987,299,1101,1,99,0.8738461538461538,0.522081447963801,0.4025476387738194
TinyMLP h5 (lambda12),67,1001,0.05,0.46780037111489353,21,4500,1500,1500,0.31066666666666665,0.22488755622188905,1.0,0.3671970624235006,0.6364329537077033,300,1034,0,166,0.9174603174603174,0.5502632550368168,0.40023209226090894
TinyMLP h5 (mu12),67,1001,0.05,0.49863011652184247,21,4500,1500,1500,0.2653333333333333,0.21357142857142858,0.9966666666666667,0.3517647058823529,0.19611922126960987,299,1101,1,99,0.8738461538461538,0.522081447963801,0.4025476387738194
Schmidt-QPP QNN L2,67,2003,0.05,0.5539221874020205,25,4500,1500,1500,0.2806666666666667,0.21548575602629658,0.9833333333333333,0.35350509286998205,0.19745986146352623,295,1074,5,126,0.8738461538461538,0.5203410609761718,0.4045392788124795
TinyMLP h5 (lambda12),67,2003,0.05,0.46780037111489353,21,4500,1500,1500,0.326,0.22841864018334607,0.9966666666666667,0.3716594157862026,0.6129779000373874,299,1010,1,190,0.9174603174603174,0.5458009016741148,0.4050959030195634
TinyMLP h5 (mu12),67,2003,0.05,0.49863011652184247,21,4500,1500,1500,0.2806666666666667,0.21548575602629658,0.9833333333333333,0.35350509286998205,0.19745986146352623,295,1074,5,126,0.8738461538461538,0.5203410609761718,0.4045392788124795
Schmidt-QPP QNN L2,67,3001,0.05,0.5539221874020205,25,4500,1500,1500,0.276,0.21397379912663755,0.98,0.3512544802867384,0.2014671437241875,294,1080,6,120,0.8738461538461538,0.5225916735594154,0.4019637538492605
TinyMLP h5 (lambda12),67,3001,0.05,0.46780037111489353,21,4500,1500,1500,0.326,0.22841864018334607,0.9966666666666667,0.3716594157862026,0.6881624939614801,299,1010,1,190,0.9174603174603174,0.5458009016741148,0.4050959030195634
TinyMLP h5 (mu12),67,3001,0.05,0.49863011652184247,21,4500,1500,1500,0.276,0.21397379912663755,0.98,0.3512544802867384,0.2014671437241875,294,1080,6,120,0.8738461538461538,0.5225916735594154,0.4019637538492605
Schmidt-QPP QNN L2,67,1001,0.08,0.5539221874020205,25,4500,1500,1500,0.226,0.20493488690884168,0.9966666666666667,0.33996588971006253,0.19213289966331787,299,1160,1,40,0.8738461538461538,0.5338802641360914,0.38904547237947296
TinyMLP h5 (lambda12),67,1001,0.08,0.46780037111489353,21,4500,1500,1500,0.23333333333333334,0.20689655172413793,1.0,0.34285714285714286,0.42813125484912534,300,1150,0,50,0.9174603174603174,0.5746031746031746,0.3737024221453287
TinyMLP h5 (mu12),67,1001,0.08,0.49863011652184247,21,4500,1500,1500,0.226,0.20493488690884168,0.9966666666666667,0.33996588971006253,0.19213289966331787,299,1160,1,40,0.8738461538461538,0.5338802641360914,0.38904547237947296
Schmidt-QPP QNN L2,67,2003,0.08,0.5539221874020205,25,4500,1500,1500,0.22733333333333333,0.2039972432804962,0.9866666666666667,0.3380925185608224,0.2056352884635909,296,1155,4,45,0.8738461538461538,0.5357536352853314,0.3869016497615045
TinyMLP h5 (lambda12),67,2003,0.08,0.46780037111489353,21,4500,1500,1500,0.244,0.20920502092050208,1.0,0.3460207612456747,0.44283248880784365,300,1134,0,66,0.9174603174603174,0.5714395562146427,0.3771506567210641
TinyMLP h5 (mu12),67,2003,0.08,0.49863011652184247,21,4500,1500,1500,0.22733333333333333,0.2039972432804962,0.9866666666666667,0.3380925185608224,0.20563528846359086,296,1155,4,45,0.8738461538461538,0.5357536352853314,0.3869016497615045
Schmidt-QPP QNN L2,67,3001,0.08,0.5539221874020205,25,4500,1500,1500,0.22933333333333333,0.20523415977961432,0.9933333333333333,0.3401826484018265,0.19942947549908674,298,1154,2,46,0.8738461538461538,0.5336635054443273,0.3892935236992733
TinyMLP h5 (lambda12),67,3001,0.08,0.46780037111489353,21,4500,1500,1500,0.246,0.20964360587002095,1.0,0.34662045060658575,0.48228332099726995,300,1131,0,69,0.9174603174603174,0.5708398668537317,0.37780429737396026
TinyMLP h5 (mu12),67,3001,0.08,0.49863011652184247,21,4500,1500,1500,0.22933333333333333,0.20523415977961432,0.9933333333333333,0.3401826484018265,0.19942947549908674,298,1154,2,46,0.8738461538461538,0.5336635054443273,0.3892935236992733
Schmidt-QPP QNN L2,67,1001,0.1,0.5539221874020205,25,4500,1500,1500,0.21533333333333332,0.20271186440677966,0.9966666666666667,0.3369014084507042,0.19564740924710022,299,1176,1,24,0.8738461538461538,0.5369447453954497,0.3855385836143622
TinyMLP h5 (lambda12),67,1001,0.1,0.46780037111489353,21,4500,1500,1500,0.218,0.20326308633582596,0.9966666666666667,0.33766233766233766,0.38484823998599216,299,1172,1,28,0.9174603174603174,0.5797979797979798,0.36804026423403585
TinyMLP h5 (mu12),67,1001,0.1,0.49863011652184247,21,4500,1500,1500,0.21533333333333332,0.20271186440677966,0.9966666666666667,0.3369014084507042,0.19564740924710022,299,1176,1,24,0.8738461538461538,0.5369447453954497,0.3855385836143622
Schmidt-QPP QNN L2,67,2003,0.1,0.5539221874020205,25,4500,1500,1500,0.218,0.20366598778004075,1.0,0.338409475465313,0.2083250721419329,300,1173,0,27,0.8738461538461538,0.5354366783808409,0.3872643645289674
TinyMLP h5 (lambda12),67,2003,0.1,0.46780037111489353,21,4500,1500,1500,0.21733333333333332,0.20352781546811397,1.0,0.3382187147688839,0.39974031080974537,300,1174,0,26,0.9174603174603174,0.5792416026914335,0.36864669602836825
TinyMLP h5 (mu12),67,2003,0.1,0.49863011652184247,21,4500,1500,1500,0.218,0.20366598778004075,1.0,0.338409475465313,0.20832507214193294,300,1173,0,27,0.8738461538461538,0.5354366783808409,0.3872643645289674
Schmidt-QPP QNN L2,67,3001,0.1,0.5539221874020205,25,4500,1500,1500,0.21733333333333332,0.20352781546811397,1.0,0.3382187147688839,0.19059933317952038,300,1174,0,26,0.8738461538461538,0.53562743907727,0.38704606443622275
TinyMLP h5 (lambda12),67,3001,0.1,0.46780037111489353,21,4500,1500,1500,0.22,0.20408163265306123,1.0,0.3389830508474576,0.3755541015698087,300,1170,0,30,0.9174603174603174,0.5784772666128598,0.36947979590639846
TinyMLP h5 (mu12),67,3001,0.1,0.49863011652184247,21,4500,1500,1500,0.21733333333333332,0.20352781546811397,1.0,0.3382187147688839,0.19059933317952038,300,1174,0,26,0.8738461538461538,0.53562743907727,0.38704606443622275
Schmidt-QPP QNN L2,67,1001,0.15,0.5539221874020205,25,4500,1500,1500,0.20666666666666667,0.20134228187919462,1.0,0.33519553072625696,0.1994937891215195,300,1190,0,10,0.8738461538461538,0.5386506231198969,0.3835864348099772
TinyMLP h5 (lambda12),67,1001,0.15,0.46780037111489353,21,4500,1500,1500,0.20066666666666666,0.200133422281521,1.0,0.33351862145636463,0.2683592541819387,300,1199,0,1,0.9174603174603174,0.5839416960039527,0.3635237569507089
TinyMLP h5 (mu12),67,1001,0.15,0.49863011652184247,21,4500,1500,1500,0.20666666666666667,0.20134228187919462,1.0,0.33519553072625696,0.1994937891215195,300,1190,0,10,0.8738461538461538,0.5386506231198969,0.3835864348099772
Schmidt-QPP QNN L2,67,2003,0.15,0.5539221874020205,25,4500,1500,1500,0.206,0.2012072434607646,1.0,0.33500837520938026,0.1924240275613262,300,1191,0,9,0.8738461538461538,0.5388377786367735,0.38337226036284716
TinyMLP h5 (lambda12),67,2003,0.15,0.46780037111489353,21,4500,1500,1500,0.202,0.20040080160320642,1.0,0.333889816360601,0.23411352788989861,300,1197,0,3,0.9174603174603174,0.5835705010997164,0.3639283465522122
TinyMLP h5 (mu12),67,2003,0.15,0.49863011652184247,21,4500,1500,1500,0.206,0.2012072434607646,1.0,0.33500837520938026,0.1924240275613262,300,1191,0,9,0.8738461538461538,0.5388377786367735,0.38337226036284716
Schmidt-QPP QNN L2,67,3001,0.15,0.5539221874020205,25,4500,1500,1500,0.20066666666666666,0.200133422281521,1.0,0.33351862145636463,0.18689397039092182,300,1199,0,1,0.8738461538461538,0.5403275323897891,0.3816674365257694
TinyMLP h5 (lambda12),67,3001,0.15,0.46780037111489353,21,4500,1500,1500,0.20133333333333334,0.20026702269692923,1.0,0.3337041156840934,0.25828892463648495,300,1198,0,2,0.9174603174603174,0.583756201776224,0.3637259392404479
TinyMLP h5 (mu12),67,3001,0.15,0.49863011652184247,21,4500,1500,1500,0.20066666666666666,0.200133422281521,1.0,0.33351862145636463,0.18689397039092182,300,1199,0,1,0.8738461538461538,0.5403275323897891,0.3816674365257694
